{
  "extended": false,
  "n_features": 47,
  "cv": {
    "mean": {
      "B_pse_final_vintage": 18.52799558893975,
      "GBM": 63.828156323306,
      "B1_da_anchor": 77.14882957483944,
      "B2_climatology": 82.45447771922016,
      "B0_persistence": 138.54107522643
    },
    "std": {
      "B_pse_final_vintage": 6.257895960820003,
      "GBM": 11.711510698908874,
      "B1_da_anchor": 15.66494296891406,
      "B2_climatology": 9.926084313877032,
      "B0_persistence": 23.724754681123475
    }
  },
  "holdout": {
    "GBM": {
      "pinball": {
        "0.1": 59.22977472674345,
        "0.25": 88.70855648030097,
        "0.5": 92.95977702636198,
        "0.75": 70.56894083636881,
        "0.9": 44.67935794747463
      },
      "mean_pinball": 71.22928140344996,
      "coverage": {
        "P10-P90": 0.5630580357142857,
        "P25-P75": 0.33091517857142855,
        "below_P50": 0.4289434523809524
      }
    },
    "B0_persistence": {
      "pinball": {
        "0.1": 143.06655598958335,
        "0.25": 142.22887044270834,
        "0.5": 140.83272786458332,
        "0.75": 139.43658528645832,
        "0.9": 138.59889973958335
      },
      "mean_pinball": 140.83272786458332,
      "coverage": {
        "P10-P90": 0.0003720238095238095,
        "P25-P75": 0.0003720238095238095,
        "below_P50": 0.5199032738095238
      }
    },
    "B1_da_anchor": {
      "pinball": {
        "0.1": 84.66373697916667,
        "0.25": 85.55986421130953,
        "0.5": 87.05340959821429,
        "0.75": 88.54695498511903,
        "0.9": 89.44308221726192
      },
      "mean_pinball": 87.05340959821429,
      "coverage": {
        "P10-P90": 0.18173363095238096,
        "P25-P75": 0.18173363095238096,
        "below_P50": 0.30673363095238093
      }
    },
    "B2_climatology": {
      "pinball": {
        "0.1": 63.865518266369065,
        "0.25": 101.73471493675595,
        "0.5": 121.20644903273809,
        "0.75": 97.44014601934524,
        "0.9": 63.990741406249995
      },
      "mean_pinball": 89.64751393229167,
      "coverage": {
        "P10-P90": 0.6802455357142857,
        "P25-P75": 0.4099702380952381,
        "below_P50": 0.3908110119047619
      }
    },
    "B_pse_final_vintage": {
      "pinball": {
        "0.1": 34.61723046875001,
        "0.25": 31.935679408482148,
        "0.5": 27.466427641369044,
        "0.75": 22.99717587425595,
        "0.9": 20.315624813988094
      },
      "mean_pinball": 27.466427641369044,
      "coverage": {
        "P10-P90": 0.3111979166666667,
        "P25-P75": 0.3111979166666667,
        "below_P50": 0.39601934523809523
      }
    }
  }
}