{
  "spike_threshold": 1500.0,
  "targets": {
    "y_spike": {
      "n": 52884,
      "base_rate": 0.0075,
      "auc": 0.853,
      "auc_clim": 0.788,
      "ap": 0.464,
      "ap_clim": 0.025,
      "brier": 0.00528,
      "brier_clim": 0.00739,
      "top_decile_capture": 0.707,
      "by_quarter": {
        "2025Q1": {
          "n_events": 1
        },
        "2025Q2": {
          "n_events": 29,
          "auc": 0.71,
          "ap": 0.104,
          "ap_clim": 0.048
        },
        "2025Q3": {
          "n_events": 80,
          "auc": 0.865,
          "ap": 0.52,
          "ap_clim": 0.066
        },
        "2025Q4": {
          "n_events": 104,
          "auc": 0.766,
          "ap": 0.31,
          "ap_clim": 0.016
        },
        "2026Q1": {
          "n_events": 88,
          "auc": 0.956,
          "ap": 0.795,
          "ap_clim": 0.015
        },
        "2026Q2": {
          "n_events": 90,
          "auc": 0.821,
          "ap": 0.561,
          "ap_clim": 0.152
        },
        "2026Q3": {
          "n_events": 4
        }
      },
      "calibration": {
        "brier_raw": 0.00528,
        "brier_iso": 0.00543,
        "ece_raw": 0.0025,
        "ece_iso": 0.002
      }
    },
    "y_neg": {
      "n": 52884,
      "base_rate": 0.0758,
      "auc": 0.935,
      "auc_clim": 0.826,
      "ap": 0.542,
      "ap_clim": 0.269,
      "brier": 0.05328,
      "brier_clim": 0.06139,
      "top_decile_capture": 0.674,
      "by_quarter": {
        "2025Q1": {
          "n_events": 393,
          "auc": 0.962,
          "ap": 0.61,
          "ap_clim": 0.093
        },
        "2025Q2": {
          "n_events": 975,
          "auc": 0.949,
          "ap": 0.587,
          "ap_clim": 0.344
        },
        "2025Q3": {
          "n_events": 540,
          "auc": 0.917,
          "ap": 0.391,
          "ap_clim": 0.175
        },
        "2025Q4": {
          "n_events": 360,
          "auc": 0.894,
          "ap": 0.329,
          "ap_clim": 0.079
        },
        "2026Q1": {
          "n_events": 496,
          "auc": 0.933,
          "ap": 0.568,
          "ap_clim": 0.215
        },
        "2026Q2": {
          "n_events": 1175,
          "auc": 0.922,
          "ap": 0.628,
          "ap_clim": 0.381
        },
        "2026Q3": {
          "n_events": 69,
          "auc": 0.907,
          "ap": 0.609,
          "ap_clim": 0.292
        }
      },
      "calibration": {
        "brier_raw": 0.05328,
        "brier_iso": 0.04749,
        "ece_raw": 0.0378,
        "ece_iso": 0.0114
      }
    }
  }
}